period,zodiac
2024001,6
2024002,2
2024003,7
2024004,4
2024005,7
2024006,11
2024007,7
2024008,8
2024009,6
2024010,12
2024011,7
2024012,10
2024013,6
2024014,8
2024015,3
2024016,5
2024017,11
2024018,11
2024019,5
2024020,5
2024021,11
2024022,5
2024023,8
2024024,1
2024025,8
2024026,6
2024027,4
2024028,9
2024029,4
2024030,3
2024031,7
2024032,4
2024033,6
2024034,11
2024035,8
2024036,5
2024037,10
2024038,6
2024039,7
2024040,4
2024041,5
2024042,3
2024043,6
2024044,2
2024045,4
2024046,2
2024047,9
2024048,6
2024049,11
2024050,3
2024051,12
2024052,9
2024053,1
2024054,9
2024055,7
2024056,11
2024057,10
2024058,11
2024059,6
2024060,8
2024061,9
2024062,1
2024063,7
2024064,10
2024065,4
2024066,6
2024067,10
2024068,8
2024069,8
2024070,6
2024071,3
2024072,7
2024073,10
2024074,4
2024075,4
2024076,5
2024077,8
2024078,5
2024079,8
2024080,2
2024081,1
2024082,10
2024083,10
2024084,5
2024085,11
2024086,11
2024087,6
2024088,1
2024089,1
2024090,9
2024091,10
2024092,12
2024093,5
2024094,9
2024095,12
2024096,5
2024097,10
2024098,10
2024099,4
2024100,5
2024101,9
2024102,7
2024103,5
2024104,11
2024105,1
2024106,4
2024107,10
2024108,10
2024109,7
2024110,12
2024111,7
2024112,7
2024113,12
2024114,6
2024115,5
2024116,10
2024117,1
2024118,9
2024119,8
2024120,5
2024121,2
2024122,12
2024123,9
2024124,10
2024125,12
2024126,7
2024127,12
2024128,2
2024129,1
2024130,5
2024131,4
2024132,1
2024133,7
2024134,7
2024135,10
2024136,8
2024137,4
2024138,2
2024139,2
2024140,11
2024141,7
2024142,3
2024143,12
2024144,4
2024145,2
2024146,7
2024147,2
2024148,3
2024149,10
2024150,9
2024151,12
2024152,9
2024153,8
2024154,10
2024155,8
2024156,6
2024157,9
2024158,8
2024159,7
2024160,3
2024161,11
2024162,1
2024163,4
2024164,8
2024165,3
2024166,8
2024167,2
2024168,2
2024169,9
2024170,10
2024171,4
2024172,8
2024173,1
2024174,12
2024175,4
2024176,3
2024177,11
2024178,8
2024179,1
2024180,2
2024181,3
2024182,3
2024183,1
2024184,6
2024185,6
2024186,5
2024187,3
2024188,10
2024189,7
2024190,5
2024191,3
2024192,7
2024193,4
2024194,5
2024195,9
2024196,3
2024197,10
2024198,4
2024199,3
2024200,7
2024201,1
2024202,7
2024203,9
2024204,5
2024205,4
2024206,2
2024207,6
2024208,4
2024209,9
2024210,7
2024211,8
2024212,1
2024213,2
2024214,6
2024215,8
2024216,3
2024217,3
2024218,1
2024219,2
2024220,9
2024221,1
2024222,7
2024223,6
2024224,10
2024225,5
2024226,10
2024227,8
2024228,1
2024229,5
2024230,1
2024231,5
2024232,2
2024233,11
2024234,7
2024235,12
2024236,3
2024237,6
2024238,6
2024239,7
2024240,12
2024241,4
2024242,6
2024243,1
2024244,3
2024245,5
2024246,3
2024247,7
2024248,11
2024249,8
2024250,12
2024251,2
2024252,12
2024253,11
2024254,3
2024255,6
2024256,3
2024257,8
2024258,4
2024259,5
2024260,4
2024261,1
2024262,8
2024263,1
2024264,6
2024265,4
2024266,3
2024267,12
2024268,10
2024269,11
2024270,6
2024271,4
2024272,6
2024273,5
2024274,1
2024275,5
2024276,5
2024277,2
2024278,7
2024279,4
2024280,10
2024281,7
2024282,1
2024283,11
2024284,3
2024285,9
2024286,9
2024287,4
2024288,2
2024289,4
2024290,11
2024291,2
2024292,8
2024293,6
2024294,12
2024295,12
2024296,9
2024297,1
2024298,8
2024299,9
2024300,10
2024301,4
2024302,12
2024303,2
2024304,5
2024305,8
2024306,8
2024307,3
2024308,10
2024309,9
2024310,4
2024311,9
2024312,12
2024313,10
2024314,6
2024315,11
2024316,5
2024317,1
2024318,8
2024319,5
2024320,12
2024321,12
2024322,3
2024323,3
2024324,1
2024325,4
2024326,7
2024327,5
2024328,8
2024329,2
2024330,11
2024331,6
2024332,8
2024333,4
2024334,10
2024335,10
2024336,5
2024337,12
2024338,4
2024339,2
2024340,11
2024341,6
2024342,1
2024343,9
2024344,2
2024345,10
2024346,5
2024347,4
2024348,5
2024349,1
2024350,4
2024351,3
2024352,10
2024353,11
2024354,1
2024355,1
2024356,10
2024357,9
2024358,9
2024359,3
2024360,2
2024361,8
2024362,2
2024363,4
2024364,1
2024365,6
2024366,6
2025001,10
2025002,1
2025003,9
2025004,9
2025005,8
2025006,4
2025007,3
2025008,10
2025009,6
2025010,1
2025011,6
2025012,3
2025013,7
2025014,3
2025015,12
2025016,9
2025017,2
2025018,10
2025019,6
2025020,10
2025021,2
2025022,4
2025023,9
2025024,5
2025025,6
2025026,1
2025027,1
2025028,4
2025029,1
2025030,1
2025031,10
2025032,3
2025033,12
2025034,11
2025035,9
2025036,5
2025037,1
2025038,8
2025039,4
2025040,8
2025041,4
2025042,6
2025043,1
2025044,7
2025045,6
2025046,12
2025047,12
2025048,6
2025049,7
2025050,5
2025051,1
2025052,10
2025053,11
2025054,1
2025055,8
2025056,6
2025057,8
2025058,7
2025059,12
2025060,11
2025061,10
2025062,11
2025063,11
2025064,7
2025065,12
2025066,12
2025067,8
2025068,8
2025069,5
2025070,7
2025071,1
2025072,4
2025073,3
2025074,11
2025075,9
2025076,3
2025077,10
2025078,4
2025079,10
2025080,12
2025081,2
2025082,10
2025083,4
2025084,8
2025085,11
2025086,6
2025087,3
2025088,3
2025089,2
2025090,11
2025091,4
2025092,3
2025093,10
2025094,9
2025095,8
2025096,10
2025097,7
2025098,3
2025099,8
2025100,6
2025101,1
2025102,2
2025103,8
2025104,6
2025105,2
2025106,6
2025107,10
2025108,3
2025109,3
2025110,11
2025111,9
2025112,9
2025113,10
2025114,2
2025115,3
2025116,11
2025117,11
2025118,12
2025119,2
2025120,4
2025121,12
2025122,9
2025123,9
2025124,10
2025125,1
2025126,2
2025127,1
2025128,1
2025129,4
2025130,11
2025131,11
2025132,2
2025133,10
2025134,2
2025135,1
2025136,9
2025137,12
2025138,5
2025139,2
2025140,11
2025141,1
2025142,8
2025143,10
2025144,1
2025145,5
2025146,2
2025147,8
2025148,2
2025149,5
2025150,4
2025151,2
2025152,10
2025153,7
2025154,2
2025155,9
2025156,6
2025157,11
2025158,5
2025159,7
2025160,11
2025161,4
2025162,1
2025163,11
2025164,1
2025165,11
2025166,5
2025167,9
2025168,4
2025169,7
2025170,9
2025171,11
2025172,12
2025173,2
2025174,3
2025175,6
2025176,12
2025177,4
2025178,3
2025179,12
2025180,5
2025181,11
2025182,6
2025183,9
2025184,4
2025185,5
2025186,8
2025187,9
2025188,3
2025189,5
2025190,6
2025191,5
2025192,9
2025193,12
2025194,5
2025195,1
2025196,2
2025197,10
2025198,7
2025199,10
2025200,11
2025201,11
2025202,8
2025203,6
2025204,6
2025205,1
2025206,10
2025207,12
2025208,9
2025209,1
2025210,3
2025211,2
2025212,6
2025213,11
2025214,3
2025215,9
2025216,11
2025217,10
2025218,11
2025219,9
2025220,8
2025221,8
2025222,7
2025223,1
2025224,4
2025225,8
2025226,7
2025227,4
2025228,3
2025229,2
2025230,3
2025231,2
2025232,6
2025233,1
2025234,1
2025235,6
2025236,3
2025237,2
2025238,10
2025239,4
2025240,4
2025241,1
2025242,10
2025243,8
2025244,12
2025245,8
2025246,6
2025247,1
2025248,12
2025249,2
2025250,12
2025251,11
2025252,11
2025253,9
2025254,5
2025255,6
2025256,12
2025257,4
2025258,2
2025259,11
2025260,3
2025261,9
2025262,8
2025263,2
2025264,7
2025265,10
2025266,5
2025267,5
2025268,10
2025269,7
2025270,11
2025271,6
2025272,12
2025273,4
2025274,8
2025275,9
2025276,9
2025277,4
2025278,4
2025279,3
2025280,6
2025281,11
2025282,5
2025283,9
2025284,5
2025285,12
2025286,3
2025287,10
2025288,2
2025289,6
2025290,7
2025291,8
2025292,2
2025293,11
2025294,6
2025295,5
2025296,10
2025297,8
2025298,11
2025299,1
2025300,4
2025301,5
2025302,10
2025303,3
2025304,12
2025305,6
2025306,5
2025307,8
2025308,3
2025309,6
2025310,4
2025311,1
2025312,2
2025313,2
2025314,11
2025315,4
2025316,12
2025317,6
2025318,6
2025319,9
2025320,4
2025321,11
2025322,11
2025323,9
2025324,3
2025325,4
2025326,7
2025327,1
2025328,3
2025329,5
2025330,12
2025331,2
2025332,2
2025333,6
2025334,10
2025335,8
2025336,5
2025337,9
2025338,8
2025339,12
2025340,4
2025341,6
2025342,4
2025343,2
2025344,3
2025345,12
2025346,3
2025347,1
2025348,4
2025349,10
2025350,1
2025351,4
2025352,8
2025353,1
2025354,6
2025355,8
2025356,12
2025357,1
2025358,7
2025359,11
2025360,5
2025361,12
2025362,11
2025363,2
2025364,12
2025365,2
2026001,5
2026002,10
2026003,9
2026004,9
2026005,7
2026006,1
2026007,5
2026008,9
2026009,4
2026010,3
2026011,11
2026012,11
2026013,1
2026014,2
2026015,7
2026016,6
2026017,8
2026018,3
2026019,10
2026020,12
2026021,6
2026022,6
2026023,11
2026024,4
2026025,1
2026026,7
2026027,9
2026028,3
2026029,1
2026030,5
2026031,2
2026032,6
2026033,5
2026034,7
2026035,3
2026036,1
2026037,7
2026038,6
2026039,11
2026040,4
2026041,12
2026042,4
2026043,1
2026044,7
2026045,1
2026046,3
2026047,3
2026048,12
2026049,1
2026050,11
2026051,1
2026052,2
2026053,3
2026054,12
2026055,2
2026056,12
2026057,11
2026058,7
2026059,10
2026060,9
2026061,5
2026062,12
2026063,4
2026064,6
2026065,5
2026066,1
2026067,5
2026068,11
2026069,12
2026070,1
2026071,12
2026072,10
2026073,10
2026074,10
2026075,9
2026076,2
2026077,5
2026078,10
2026079,11
2026080,3
2026081,5
2026082,3
2026083,5
2026084,4
2026085,7
2026086,12
2026087,2
2026088,3
2026089,1
2026090,12
2026091,1
2026092,6
2026093,4
2026094,5
2026095,11
2026096,7
2026097,11
2026098,5
2026099,12
2026100,9
2026101,3
2026102,8
2026103,6
2026104,1
